{
  "comparison": {
    "logistic_regression": {
      "accuracy": 0.7381121362668559,
      "precision": 0.504302925989673,
      "recall": 0.7834224598930482,
      "f1": 0.6136125654450262,
      "roc_auc": 0.8416388953473353
    },
    "random_forest": {
      "accuracy": 0.7572746628814763,
      "precision": 0.5288808664259927,
      "recall": 0.7834224598930482,
      "f1": 0.6314655172413793,
      "roc_auc": 0.841344390193495
    },
    "xgboost": {
      "accuracy": 0.7572746628814763,
      "precision": 0.5294117647058824,
      "recall": 0.7700534759358288,
      "f1": 0.6274509803921569,
      "roc_auc": 0.8370921491126095
    },
    "smote_xgboost": {
      "accuracy": 0.7792760823278921,
      "precision": 0.5809768637532133,
      "recall": 0.6042780748663101,
      "f1": 0.5923984272608126,
      "roc_auc": 0.8364992637371155
    },
    "xgboost_tuned": {
      "accuracy": 0.7494677075940384,
      "precision": 0.5182608695652174,
      "recall": 0.7967914438502673,
      "f1": 0.6280295047418335,
      "roc_auc": 0.8472370766488413
    }
  },
  "best_model": "xgboost_tuned",
  "threshold_default": 0.5,
  "threshold_optimal": 0.5824702978134155,
  "metrics_at_0.5": {
    "accuracy": 0.7494677075940384,
    "precision": 0.5182608695652174,
    "recall": 0.7967914438502673,
    "f1": 0.6280295047418335,
    "roc_auc": 0.8472370766488413
  },
  "metrics_at_optimal": {
    "accuracy": 0.7750177430801988,
    "precision": 0.5578093306288032,
    "recall": 0.7352941176470589,
    "f1": 0.6343713956170703,
    "roc_auc": 0.8472370766488413
  }
}